"Category","Values"
1692948324000,76.5945816040039
1692948351000,76.59375
1692948354000,76.59429931640625
1692948361000,76.59347534179688
1692948364000,76.59402465820312
1692948397000,76.59485626220703
1692948400000,76.59402465820312
1692948414000,76.5945816040039
1692948427000,76.59402465820312
1692948430000,76.59347534179688
1692948434000,76.5945816040039
1692948437000,76.59402465820312
1692948470000,76.59347534179688
1692948473000,76.59429931640625
1692948480000,76.59319305419922