"Category","Values"
1692952154000,76.59402465820312
1692952188000,76.5945816040039
1692952191000,76.59402465820312
1692952194000,76.5945816040039
1692952208000,76.59402465820312
1692952221000,76.5945816040039
1692952227000,76.59402465820312
1692952231000,76.5945816040039
1692952241000,76.59402465820312
1692952247000,76.59485626220703
1692952277000,76.59540557861328
1692952280000,76.5945816040039
1692952304000,76.59375
1692952314000,76.59429931640625