"Category","Values"
1692953733000,76.59568786621094
1692953759000,76.59513092041016
1692953772000,76.59568786621094
1692953786000,76.59651184082031
1692953789000,76.59596252441406
1692953792000,76.59651184082031
1692953799000,76.59596252441406
1692953806000,76.59540557861328
1692953816000,76.59596252441406
1692953839000,76.59540557861328
1692953855000,76.59651184082031
1692953859000,76.59568786621094
1692953862000,76.59678649902344
1692953869000,76.59596252441406
1692953882000,76.59651184082031