"Category","Values"
1692954919000,76.59596252441406
1692954960000,76.59651184082031
1692954963000,76.59596252441406
1692954983000,76.59540557861328
1692954986000,76.59596252441406
1692955003000,76.59540557861328
1692955009000,76.59596252441406
1692955019000,76.59540557861328
1692955026000,76.59623718261719
1692955029000,76.59568786621094
1692955033000,76.59651184082031
1692955039000,76.59568786621094
1692955049000,76.59623718261719
1692955056000,76.59540557861328