"Category","Values"
1692953361000,76.59678649902344
1692953365000,76.59596252441406
1692953374000,76.59678649902344
1692953381000,76.59623718261719
1692953404000,76.59678649902344
1692953408000,76.59596252441406
1692953441000,76.59651184082031
1692953454000,76.59568786621094
1692953457000,76.59623718261719
1692953490000,76.59540557861328
1692953497000,76.59596252441406