"Category","Values"
1692950712000,76.59513092041016
1692950742000,76.5945816040039
1692950771000,76.59402465820312
1692950775000,76.5945816040039
1692950795000,76.59513092041016
1692950801000,76.5945816040039
1692950814000,76.59540557861328
1692950818000,76.5945816040039
1692950822000,76.59402465820312
1692950825000,76.5945816040039
1692950831000,76.59402465820312
1692950838000,76.59485626220703
1692950845000,76.59402465820312
1692950878000,76.5945816040039