"Category","Values"
1692959721000,76.59678649902344
1692959724000,76.59596252441406
1692959734000,76.59540557861328
1692959751000,76.59485626220703
1692959754000,76.59540557861328
1692959767000,76.5945816040039
1692959771000,76.59540557861328
1692959774000,76.5945816040039
1692959781000,76.59540557861328
1692959784000,76.5945816040039
1692959811000,76.59402465820312
1692959824000,76.59513092041016
1692959830000,76.5945816040039
1692959880000,76.59402465820312
1692959887000,76.5945816040039