"Category","Values"
1692948152000,76.5970687866211
1692948159000,76.59651184082031
1692948162000,76.59734344482422
1692948165000,76.59651184082031
1692948175000,76.5970687866211
1692948179000,76.59623718261719
1692948182000,76.59678649902344
1692948192000,76.59513092041016
1692948198000,76.59651184082031
1692948202000,76.59568786621094
1692948245000,76.59513092041016
1692948275000,76.5945816040039
1692948278000,76.59596252441406
1692948285000,76.59513092041016
1692948301000,76.59568786621094