"Category","Values"
1692954495000,76.59761810302734
1692954502000,76.59678649902344
1692954505000,76.59734344482422
1692954515000,76.59678649902344
1692954535000,76.59623718261719
1692954582000,76.59678649902344
1692954585000,76.59623718261719
1692954588000,76.59678649902344
1692954592000,76.59623718261719
1692954605000,76.59678649902344
1692954608000,76.59623718261719
1692954611000,76.59678649902344
1692954618000,76.59623718261719
1692954645000,76.59568786621094