"Category","Values"
1692948506000,76.59429931640625
1692948516000,76.59485626220703
1692948540000,76.59540557861328
1692948547000,76.59485626220703
1692948550000,76.59540557861328
1692948557000,76.59596252441406
1692948560000,76.59513092041016
1692948563000,76.59429931640625
1692948567000,76.59485626220703
1692948580000,76.59568786621094
1692948590000,76.59513092041016
1692948630000,76.59568786621094
1692948636000,76.59513092041016
1692948659000,76.59596252441406