"Category","Values"
1692955722000,76.59623718261719
1692955735000,76.59678649902344
1692955739000,76.59623718261719
1692955742000,76.59678649902344
1692955749000,76.59540557861328
1692955752000,76.59623718261719
1692955775000,76.59568786621094
1692955792000,76.59623718261719
1692955805000,76.59568786621094
1692955808000,76.59651184082031
1692955815000,76.59540557861328
1692955818000,76.59596252441406
1692955835000,76.59540557861328
1692955838000,76.59596252441406