"Category","Values"
1692948152000,76.59347534179688
1692948165000,76.5929183959961
1692948169000,76.59402465820312
1692948172000,76.5929183959961
1692948182000,76.59347534179688
1692948195000,76.59264373779297
1692948198000,76.59375
1692948205000,76.59319305419922
1692948225000,76.59375
1692948228000,76.59319305419922
1692948245000,76.59264373779297
1692948258000,76.59319305419922
1692948261000,76.59264373779297
1692948271000,76.59319305419922
1692948298000,76.59264373779297