"Category","Values"
1692951624000,76.59402465820312
1692951647000,76.5945816040039
1692951670000,76.59402465820312
1692951673000,76.59513092041016
1692951677000,76.5945816040039
1692951690000,76.59540557861328
1692951693000,76.5945816040039
1692951696000,76.59540557861328
1692951710000,76.59485626220703
1692951737000,76.59568786621094
1692951750000,76.59485626220703
1692951753000,76.59568786621094