"Category","Values"
1692950122000,76.59236907958984
1692950128000,76.59181213378906
1692950145000,76.59126281738281
1692950165000,76.59181213378906
1692950171000,76.59236907958984
1692950175000,76.59126281738281
1692950178000,76.59181213378906
1692950214000,76.59264373779297
1692950221000,76.59208679199219
1692950238000,76.59264373779297
1692950241000,76.59208679199219
1692950244000,76.5929183959961
1692950248000,76.59236907958984
1692950261000,76.59181213378906
1692950271000,76.5929183959961