"Category","Values"
1692953186000,76.59568786621094
1692953196000,76.59429931640625
1692953219000,76.59375
1692953222000,76.59429931640625
1692953225000,76.59375
1692953265000,76.59429931640625
1692953275000,76.59347534179688
1692953285000,76.59402465820312
1692953302000,76.59347534179688
1692953338000,76.5929183959961