"Category","Values"
1692882853000,76.59264373779297
1692882906000,76.59319305419922
1692882909000,76.59264373779297
1692882916000,76.59319305419922
1692882929000,76.59375
1692882933000,76.59319305419922
1692882950000,76.59375
1692882953000,76.5929183959961
1692882963000,76.59375
1692882969000,76.59264373779297
1692882976000,76.59319305419922
1692882979000,76.59264373779297
1692882983000,76.59319305419922
1692883003000,76.59264373779297