"Category","Values"
1692878831000,76.59485626220703
1692878838000,76.59429931640625
1692878841000,76.59485626220703
1692878848000,76.59540557861328
1692878891000,76.5945816040039
1692878894000,76.59540557861328
1692878904000,76.59485626220703
1692878911000,76.59568786621094
1692878914000,76.59513092041016
1692878931000,76.59568786621094
1692878934000,76.59513092041016