"Category","Values"
1692881951000,76.59568786621094
1692881968000,76.59651184082031
1692881984000,76.59596252441406
1692882018000,76.59678649902344
1692882021000,76.59596252441406
1692882024000,76.59651184082031
1692882054000,76.5970687866211
1692882061000,76.59651184082031
1692882087000,76.59761810302734
1692882101000,76.59651184082031
1692882107000,76.59734344482422