"Category","Values"
1692878951000,76.59789276123047
1692878967000,76.5970687866211
1692878974000,76.59789276123047
1692878977000,76.5970687866211
1692879010000,76.59651184082031
1692879014000,76.59596252441406
1692879024000,76.59651184082031