"Category","Values"
1692879316000,76.59596252441406
1692879319000,76.59513092041016
1692879322000,76.59596252441406
1692879339000,76.59540557861328
1692879352000,76.59623718261719
1692879355000,76.59513092041016
1692879359000,76.59568786621094
1692879382000,76.59623718261719
1692879385000,76.59568786621094
1692879402000,76.59623718261719
1692879405000,76.59540557861328
1692879408000,76.59623718261719
1692879418000,76.59540557861328