"Category","Values"
1692884183000,76.59678649902344
1692884209000,76.59761810302734
1692884216000,76.5970687866211
1692884226000,76.59761810302734
1692884246000,76.59817504882812
1692884249000,76.59734344482422
1692884252000,76.59817504882812
1692884255000,76.59761810302734
1692884275000,76.59678649902344
1692884279000,76.59734344482422
1692884282000,76.59789276123047
1692884292000,76.5970687866211
1692884305000,76.59789276123047
1692884312000,76.59734344482422
1692884325000,76.59789276123047