"Category","Values"
1692879919000,76.59568786621094
1692879926000,76.59623718261719
1692879932000,76.59678649902344
1692879936000,76.59596252441406
1692879939000,76.59651184082031
1692879945000,76.5970687866211
1692879949000,76.59651184082031
1692879959000,76.59596252441406
1692879975000,76.59678649902344
1692879979000,76.59623718261719
1692879982000,76.59678649902344