"Category","Values"
1692878112000,76.5945816040039
1692878118000,76.59513092041016
1692878122000,76.59429931640625
1692878138000,76.59485626220703
1692878145000,76.59429931640625
1692878171000,76.59513092041016
1692878175000,76.59429931640625
1692878178000,76.59485626220703
1692878181000,76.59429931640625
1692878188000,76.59485626220703
1692878198000,76.59402465820312
1692878201000,76.5945816040039
1692878204000,76.59513092041016
1692878211000,76.59429931640625
1692878214000,76.59513092041016