"Category","Values"
1692879077000,76.59596252441406
1692879103000,76.59651184082031
1692879106000,76.59485626220703
1692879110000,76.59540557861328
1692879120000,76.59596252441406
1692879123000,76.59513092041016
1692879126000,76.59623718261719
1692879133000,76.59568786621094
1692879139000,76.59651184082031
1692879149000,76.59596252441406
1692879159000,76.59651184082031
1692879173000,76.59485626220703
1692879176000,76.59596252441406