"Category","Values"
1692878357000,76.59540557861328
1692878370000,76.59596252441406
1692878380000,76.59540557861328
1692878384000,76.59596252441406
1692878417000,76.59513092041016
1692878420000,76.59596252441406
1692878427000,76.59513092041016
1692878430000,76.59568786621094
1692878437000,76.59513092041016
1692878440000,76.59596252441406
1692878443000,76.59513092041016
1692878450000,76.59568786621094
1692878457000,76.59513092041016