"Category","Values"
1692880032000,76.59568786621094
1692880061000,76.59651184082031
1692880065000,76.59596252441406
1692880068000,76.59651184082031
1692880075000,76.59540557861328
1692880081000,76.59596252441406
1692880094000,76.59513092041016
1692880098000,76.59568786621094
1692880101000,76.59623718261719
1692880111000,76.59568786621094
1692880121000,76.59623718261719
1692880124000,76.59540557861328
1692880131000,76.59596252441406
1692880134000,76.59540557861328