"Category","Values"
1692879693000,76.60425567626953
1692879700000,76.60287475585938
1692879703000,76.60176849365234
1692879710000,76.60121154785156
1692879716000,76.60066223144531
1692879724000,76.60010528564453
1692879733000,76.59928131103516
1692879737000,76.59872436523438
1692879750000,76.59817504882812
1692879753000,76.59761810302734
1692879757000,76.59872436523438
1692879763000,76.59789276123047
1692879783000,76.59734344482422