"Category","Values"
1692878476000,76.59651184082031
1692878490000,76.59734344482422
1692878493000,76.59678649902344
1692878503000,76.59623718261719
1692878506000,76.59678649902344
1692878526000,76.59623718261719
1692878533000,76.59540557861328
1692878536000,76.59623718261719
1692878566000,76.59734344482422
1692878569000,76.59568786621094
1692878573000,76.59651184082031