"Category","Values"
1692881374000,76.59568786621094
1692881381000,76.59623718261719
1692881384000,76.59568786621094
1692881388000,76.59513092041016
1692881431000,76.59596252441406
1692881434000,76.59540557861328
1692881447000,76.59596252441406
1692881451000,76.59540557861328
1692881460000,76.59623718261719
1692881464000,76.59568786621094
1692881474000,76.59429931640625
1692881477000,76.59568786621094
1692881494000,76.5945816040039
1692881497000,76.59513092041016
1692881510000,76.5945816040039