"Category","Values"
1692883818000,76.5970687866211
1692883838000,76.59651184082031
1692883841000,76.5970687866211
1692883877000,76.59596252441406
1692883881000,76.59651184082031
1692883884000,76.5970687866211
1692883894000,76.59789276123047
1692883898000,76.59734344482422
1692883901000,76.59651184082031
1692883908000,76.59734344482422
1692883918000,76.59678649902344
1692883937000,76.59568786621094