"Category","Values"
1692879199000,76.59596252441406
1692879202000,76.59651184082031
1692879216000,76.5970687866211
1692879229000,76.59651184082031
1692879232000,76.59734344482422
1692879236000,76.59678649902344
1692879239000,76.59734344482422
1692879249000,76.59651184082031
1692879252000,76.59734344482422
1692879256000,76.59678649902344
1692879269000,76.59623718261719
1692879272000,76.5970687866211
1692879279000,76.59651184082031
1692879286000,76.5970687866211