"Category","Values"
1692880996000,76.59485626220703
1692881010000,76.59568786621094
1692881013000,76.59513092041016
1692881020000,76.59651184082031
1692881023000,76.59568786621094
1692881073000,76.59513092041016
1692881076000,76.59568786621094
1692881106000,76.59485626220703
1692881109000,76.59540557861328
1692881119000,76.59485626220703
1692881126000,76.59568786621094
1692881139000,76.59513092041016
1692881143000,76.59568786621094
1692881166000,76.59513092041016