"Category","Values"
1692877949000,76.59208679199219
1692877963000,76.59319305419922
1692877966000,76.59264373779297
1692877973000,76.59319305419922
1692877986000,76.59264373779297
1692877992000,76.59347534179688
1692878022000,76.59402465820312
1692878026000,76.59347534179688
1692878036000,76.59402465820312
1692878045000,76.5929183959961
1692878052000,76.59375