"Category","Values"
1692878357000,76.59540557861328
1692878361000,76.5945816040039
1692878364000,76.59402465820312
1692878374000,76.59485626220703
1692878384000,76.59623718261719
1692878387000,76.59568786621094
1692878390000,76.59623718261719
1692878394000,76.59568786621094
1692878430000,76.59651184082031
1692878433000,76.59568786621094
1692878437000,76.59678649902344
1692878440000,76.59540557861328
1692878447000,76.59596252441406