"Category","Values"
1692878237000,76.59402465820312
1692878247000,76.59347534179688
1692878251000,76.59402465820312
1692878261000,76.5945816040039
1692878271000,76.59402465820312
1692878274000,76.5945816040039
1692878287000,76.59513092041016
1692878290000,76.5945816040039
1692878297000,76.59402465820312
1692878304000,76.59485626220703
1692878341000,76.59429931640625
1692878343000,76.59540557861328