"Category","Values"
1692878473000,76.59375
1692878490000,76.5945816040039
1692878493000,76.59402465820312
1692878506000,76.5945816040039
1692878513000,76.59347534179688
1692878519000,76.59429931640625
1692878529000,76.59375
1692878566000,76.59429931640625
1692878576000,76.59347534179688