"Category","Values"
1692878589000,76.5929183959961
1692878592000,76.59402465820312
1692878599000,76.5945816040039
1692878602000,76.59375
1692878606000,76.5945816040039
1692878626000,76.59568786621094
1692878632000,76.59485626220703
1692878672000,76.59540557861328
1692878688000,76.59429931640625
1692878695000,76.59513092041016