"Category","Values"
1692878835000,76.5945816040039
1692878845000,76.59513092041016
1692878855000,76.5945816040039
1692878864000,76.59540557861328
1692878874000,76.59485626220703
1692878881000,76.59540557861328
1692878924000,76.59485626220703
1692878927000,76.59540557861328
1692878934000,76.59485626220703