"Category","Values"
1692878951000,76.59264373779297
1692878957000,76.59347534179688
1692879007000,76.59402465820312
1692879014000,76.59319305419922
1692879020000,76.59375
1692879024000,76.59319305419922