"Category","Values"
1692879080000,76.59485626220703
1692879096000,76.59540557861328
1692879103000,76.59485626220703
1692879126000,76.59540557861328
1692879130000,76.59485626220703
1692879153000,76.59568786621094
1692879156000,76.5945816040039
1692879159000,76.59513092041016
1692879166000,76.59429931640625
1692879179000,76.59485626220703