"Category","Values"
1692879312000,76.59568786621094
1692879362000,76.59623718261719
1692879365000,76.59568786621094
1692879372000,76.59651184082031
1692879375000,76.59596252441406
1692879382000,76.59540557861328
1692879388000,76.59596252441406
1692879392000,76.59513092041016
1692879408000,76.59568786621094
1692879412000,76.59485626220703
1692879415000,76.59540557861328