"Category","Values"
1692879199000,76.59347534179688
1692879206000,76.59429931640625
1692879209000,76.59375
1692879216000,76.5945816040039
1692879222000,76.59402465820312
1692879239000,76.5945816040039
1692879245000,76.59402465820312
1692879249000,76.59513092041016
1692879263000,76.5945816040039
1692879269000,76.59402465820312
1692879272000,76.5945816040039
1692879279000,76.59513092041016
1692879282000,76.59429931640625
1692879296000,76.59375