"Category","Values"
1692879557000,76.59485626220703
1692879571000,76.59429931640625
1692879574000,76.59375
1692879577000,76.59485626220703
1692879581000,76.59429931640625
1692879587000,76.59485626220703
1692879591000,76.59375
1692879600000,76.59429931640625
1692879610000,76.59375
1692879620000,76.59429931640625
1692879630000,76.59485626220703
1692879634000,76.59402465820312
1692879637000,76.59319305419922
1692879640000,76.59375
1692879657000,76.5945816040039