"Category","Values"
1692879796000,76.59761810302734
1692879800000,76.59678649902344
1692879806000,76.59596252441406
1692879813000,76.59540557861328
1692879816000,76.59429931640625
1692879830000,76.59347534179688
1692879839000,76.5929183959961
1692879856000,76.59236907958984
1692879859000,76.59319305419922
1692879866000,76.59264373779297
1692879876000,76.59319305419922
1692879879000,76.59236907958984
1692879889000,76.59402465820312