"Category","Values"
1692879687000,76.59264373779297
1692879693000,76.59319305419922
1692879703000,76.59264373779297
1692879714000,76.59319305419922
1692879716000,76.59264373779297
1692879730000,76.59375
1692879733000,76.59264373779297
1692879740000,76.59319305419922
1692879743000,76.59236907958984
1692879747000,76.59319305419922
1692879750000,76.59236907958984
1692879760000,76.5929183959961
1692879773000,76.59236907958984
1692879777000,76.59319305419922
1692879780000,76.59264373779297