"Category","Values"
1692879919000,76.59347534179688
1692879929000,76.5929183959961
1692879932000,76.59347534179688
1692879939000,76.5929183959961
1692879949000,76.59347534179688
1692879962000,76.59236907958984
1692879965000,76.5929183959961
1692879975000,76.59347534179688
1692879979000,76.5929183959961
1692879982000,76.59236907958984
1692879988000,76.5929183959961
1692879992000,76.59375
1692879995000,76.59319305419922