"Category","Values"
1692884179000,76.59264373779297
1692884193000,76.59347534179688
1692884196000,76.5929183959961
1692884199000,76.59375
1692884216000,76.59429931640625
1692884219000,76.59347534179688
1692884239000,76.5929183959961
1692884259000,76.59347534179688
1692884262000,76.5929183959961
1692884269000,76.59347534179688
1692884315000,76.5929183959961
1692884318000,76.59375
1692884332000,76.59319305419922
1692884335000,76.59402465820312
1692884339000,76.59347534179688