"Category","Values"
1689777674000,76.60591888427734
1689777677000,76.60508728027344
1689777680000,76.60563659667969
1689777683000,76.60508728027344
1689777717000,76.60563659667969
1689777757000,76.60481262207031
1689777760000,76.60563659667969
1689777780000,76.60508728027344
1689777783000,76.60591888427734
1689777790000,76.60481262207031
1689777793000,76.60536193847656
1689777820000,76.60619354248047
1689777830000,76.60563659667969
1689777840000,76.60508728027344