"Category","Values"
1689777425000,76.60674285888672
1689777435000,76.6072998046875
1689777438000,76.60674285888672
1689777448000,76.60536193847656
1689777452000,76.60591888427734
1689777462000,76.60536193847656
1689777465000,76.60591888427734
1689777472000,76.60536193847656
1689777501000,76.60591888427734
1689777508000,76.60481262207031
1689777511000,76.60536193847656