"Category","Values"
1689778934000,76.60370635986328
1689778947000,76.60453033447266
1689778977000,76.6039810180664
1689778980000,76.60481262207031
1689778993000,76.60425567626953
1689779007000,76.60481262207031
1689779017000,76.60536193847656
1689779020000,76.60453033447266
1689779026000,76.60342407226562
1689779030000,76.60453033447266
1689779033000,76.60508728027344
1689779036000,76.60453033447266
1689779066000,76.60508728027344
1689779070000,76.60425567626953
1689779079000,76.60481262207031