"Category","Values"
1689780379000,76.60481262207031
1689780393000,76.60370635986328
1689780396000,76.60453033447266
1689780399000,76.6039810180664
1689780409000,76.60453033447266
1689780413000,76.60370635986328
1689780426000,76.60453033447266
1689780449000,76.6039810180664
1689780462000,76.60481262207031
1689780466000,76.60425567626953
1689780472000,76.60481262207031
1689780485000,76.60425567626953
1689780495000,76.60481262207031