"Category","Values"
1689782730000,76.6064682006836
1689782736000,76.60702514648438
1689782743000,76.6064682006836
1689782763000,76.60591888427734
1689782766000,76.6064682006836
1689782770000,76.60702514648438
1689782776000,76.6064682006836
1689782789000,76.60702514648438
1689782796000,76.6064682006836
1689782803000,76.60702514648438
1689782842000,76.60757446289062
1689782846000,76.60702514648438