"Category","Values"
1689780568000,76.60536193847656
1689780575000,76.60481262207031
1689780578000,76.60536193847656
1689780598000,76.60591888427734
1689780601000,76.60536193847656
1689780611000,76.60674285888672
1689780615000,76.60619354248047
1689780618000,76.60536193847656
1689780621000,76.60591888427734
1689780638000,76.60536193847656
1689780651000,76.60619354248047
1689780654000,76.60536193847656
1689780674000,76.60591888427734
1689780691000,76.6064682006836