"Category","Values"
1689782189000,76.60619354248047
1689782196000,76.60536193847656
1689782249000,76.60481262207031
1689782252000,76.60563659667969
1689782262000,76.60481262207031
1689782266000,76.60536193847656
1689782282000,76.60591888427734
1689782285000,76.60508728027344
1689782312000,76.60563659667969