"Category","Values"
1689784881000,76.60757446289062
1689784891000,76.60674285888672
1689784901000,76.60619354248047
1689784905000,76.60674285888672
1689784921000,76.60591888427734
1689784924000,76.6064682006836
1689784928000,76.6072998046875
1689784931000,76.60674285888672
1689784954000,76.60619354248047
1689784964000,76.60674285888672
1689785004000,76.60591888427734
1689785007000,76.60702514648438
1689785011000,76.60591888427734
1689785014000,76.60674285888672
1689785017000,76.6072998046875