"Category","Values"
1689778585000,76.60563659667969
1689778589000,76.60342407226562
1689778592000,76.60453033447266
1689778612000,76.6039810180664
1689778615000,76.60481262207031
1689778625000,76.60536193847656
1689778628000,76.60481262207031
1689778638000,76.60370635986328
1689778642000,76.60481262207031
1689778648000,76.60425567626953
1689778658000,76.60481262207031
1689778682000,76.60425567626953
1689778685000,76.60508728027344
1689778691000,76.60425567626953
1689778718000,76.60508728027344