"Category","Values"
1689784162000,76.60591888427734
1689784165000,76.6064682006836
1689784169000,76.6072998046875
1689784172000,76.60619354248047
1689784175000,76.60674285888672
1689784232000,76.6072998046875
1689784235000,76.6064682006836
1689784238000,76.60702514648438
1689784242000,76.6064682006836
1689784268000,76.60702514648438
1689784275000,76.6064682006836
1689784278000,76.6072998046875
1689784301000,76.60674285888672