"Category","Values"
1689779842000,76.60591888427734
1689779846000,76.6064682006836
1689779849000,76.60591888427734
1689779879000,76.60536193847656
1689779892000,76.60481262207031
1689779895000,76.60536193847656
1689779908000,76.60481262207031
1689779912000,76.60563659667969
1689779938000,76.60508728027344
1689779942000,76.60591888427734
1689779948000,76.60536193847656
1689779965000,76.60619354248047
1689779971000,76.60563659667969
1689779978000,76.6064682006836