"Category","Values"
1689779723000,76.6039810180664
1689779736000,76.60342407226562
1689779739000,76.6039810180664
1689779746000,76.60481262207031
1689779759000,76.60425567626953
1689779762000,76.60536193847656
1689779766000,76.60425567626953
1689779769000,76.60481262207031
1689779782000,76.60370635986328
1689779786000,76.60425567626953
1689779796000,76.60481262207031