"Category","Values"
1689779299000,76.60453033447266
1689779302000,76.6039810180664
1689779312000,76.60481262207031
1689779318000,76.6039810180664
1689779332000,76.60453033447266
1689779355000,76.60370635986328
1689779358000,76.60425567626953
1689779368000,76.60481262207031
1689779378000,76.6039810180664
1689779381000,76.60508728027344
1689779391000,76.60453033447266
1689779428000,76.60508728027344
1689779431000,76.60370635986328
1689779438000,76.60425567626953
1689779448000,76.60481262207031