"Category","Values"
1689782905000,76.60536193847656
1689782912000,76.60481262207031
1689782922000,76.60536193847656
1689782926000,76.60591888427734
1689782946000,76.60536193847656
1689782949000,76.60481262207031
1689782952000,76.60591888427734
1689782969000,76.60536193847656
1689782979000,76.60591888427734
1689782989000,76.60536193847656
1689783005000,76.60591888427734