"Category","Values"
1689780018000,76.60481262207031
1689780034000,76.60425567626953
1689780041000,76.60370635986328
1689780044000,76.60425567626953
1689780074000,76.60370635986328
1689780081000,76.60453033447266
1689780084000,76.60370635986328
1689780094000,76.60425567626953
1689780097000,76.60370635986328
1689780111000,76.60425567626953
1689780130000,76.60508728027344
1689780134000,76.60370635986328
1689780137000,76.60425567626953
1689780157000,76.60481262207031