"Category","Values"
1689777425000,76.6072998046875
1689777428000,76.60619354248047
1689777432000,76.60508728027344
1689777435000,76.60453033447266
1689777445000,76.6039810180664
1689777448000,76.60342407226562
1689777452000,76.60425567626953
1689777455000,76.60287475585938
1689777458000,76.60370635986328
1689777498000,76.6031494140625
1689777501000,76.60370635986328
1689777505000,76.60287475585938