"Category","Values"
1689778582000,76.6039810180664
1689778589000,76.60342407226562
1689778599000,76.6039810180664
1689778615000,76.60453033447266
1689778619000,76.6039810180664
1689778638000,76.60453033447266
1689778645000,76.6039810180664
1689778658000,76.60342407226562
1689778662000,76.60425567626953
1689778665000,76.60481262207031
1689778678000,76.60425567626953
1689778691000,76.60342407226562
1689778695000,76.6039810180664
1689778698000,76.60453033447266