"Category","Values"
1689780389000,76.60481262207031
1689780393000,76.6039810180664
1689780436000,76.60453033447266
1689780439000,76.60370635986328
1689780442000,76.60425567626953
1689780459000,76.60481262207031
1689780462000,76.60425567626953
1689780466000,76.60066223144531
1689780469000,76.60342407226562
1689780472000,76.6039810180664
1689780495000,76.60260009765625
1689780499000,76.60370635986328
1689780502000,76.60453033447266
1689780518000,76.60536193847656