"Category","Values"
1689780575000,76.60176849365234
1689780578000,76.6023178100586
1689780595000,76.60287475585938
1689780618000,76.60342407226562
1689780624000,76.60287475585938
1689780628000,76.60342407226562
1689780634000,76.60260009765625
1689780654000,76.60342407226562
1689780658000,76.60204315185547
1689780661000,76.60260009765625
1689780671000,76.60342407226562
1689780674000,76.60260009765625
1689780684000,76.60342407226562
1689780687000,76.60287475585938
1689780691000,76.60370635986328