"Category","Values"
1689783078000,76.60342407226562
1689783091000,76.60287475585938
1689783095000,76.60370635986328
1689783101000,76.60287475585938
1689783104000,76.60342407226562
1689783114000,76.60260009765625
1689783121000,76.6031494140625
1689783138000,76.60370635986328
1689783174000,76.6031494140625
1689783177000,76.60370635986328
1689783184000,76.6031494140625
1689783201000,76.60260009765625
1689783204000,76.6031494140625
1689783207000,76.60260009765625
1689783214000,76.60342407226562