"Category","Values"
1689785959000,76.6039810180664
1689785975000,76.60342407226562
1689785979000,76.6039810180664
1689785985000,76.60342407226562
1689785996000,76.60425567626953
1689786002000,76.60370635986328
1689786042000,76.60425567626953
1689786059000,76.60370635986328
1689786075000,76.60425567626953
1689786078000,76.60481262207031
1689786085000,76.6031494140625
1689786092000,76.60370635986328
1689786112000,76.6031494140625