"Category","Values"
1689762263000,76.59844970703125
1689762280000,76.5989990234375
1689762286000,76.59844970703125
1689762290000,76.5989990234375
1689762300000,76.59844970703125
1689762326000,76.59928131103516
1689762336000,76.59844970703125
1689762343000,76.5989990234375
1689762376000,76.59844970703125
1689762379000,76.59928131103516
1689762393000,76.59844970703125
1689762399000,76.59928131103516