"Category","Values"
1689762621000,76.59872436523438
1689762661000,76.59817504882812
1689762665000,76.59872436523438
1689762671000,76.59789276123047
1689762678000,76.59872436523438
1689762698000,76.59817504882812
1689762701000,76.59872436523438
1689762754000,76.59789276123047
1689762761000,76.59872436523438
1689762777000,76.59817504882812
1689762780000,76.59872436523438
1689762784000,76.59817504882812
1689762810000,76.59872436523438
1689762830000,76.59928131103516