"Category","Values"
1689772876000,76.59761810302734
1689772882000,76.59817504882812
1689772906000,76.59761810302734
1689772909000,76.59817504882812
1689772955000,76.59872436523438
1689772965000,76.59817504882812
1689772972000,76.59872436523438
1689772975000,76.59817504882812
1689772982000,76.59734344482422