"Category","Values"
1689760821000,76.59955596923828
1689760828000,76.5989990234375
1689760831000,76.59955596923828
1689760841000,76.59844970703125
1689760844000,76.59955596923828
1689760921000,76.60010528564453
1689760927000,76.59928131103516
1689760941000,76.5998306274414
1689760957000,76.59928131103516
1689760964000,76.5998306274414