"Category","Values"
1689772525000,76.59955596923828
1689772531000,76.60010528564453
1689772541000,76.59955596923828
1689772545000,76.60010528564453
1689772548000,76.59955596923828
1689772561000,76.60010528564453
1689772568000,76.59955596923828
1689772617000,76.60010528564453
1689772624000,76.59955596923828
1689772637000,76.60038757324219
1689772647000,76.59955596923828
1689772654000,76.5989990234375
1689772657000,76.59955596923828
1689772661000,76.59817504882812