"Category","Values"
1689772150000,76.59955596923828
1689772186000,76.5989990234375
1689772196000,76.59955596923828
1689772203000,76.60010528564453
1689772206000,76.5989990234375
1689772210000,76.5998306274414
1689772233000,76.59928131103516
1689772239000,76.60010528564453
1689772249000,76.59928131103516
1689772256000,76.60010528564453
1689772269000,76.59955596923828
1689772272000,76.60010528564453
1689772292000,76.60066223144531