"Category","Values"
1689773274000,76.60010528564453
1689773284000,76.60093688964844
1689773290000,76.5998306274414
1689773297000,76.60093688964844
1689773307000,76.60010528564453
1689773330000,76.60093688964844
1689773333000,76.60038757324219
1689773340000,76.60093688964844
1689773343000,76.60010528564453
1689773347000,76.60066223144531
1689773363000,76.60010528564453
1689773367000,76.60066223144531