"Category","Values"
1689761540000,76.59817504882812
1689761547000,76.5989990234375
1689761557000,76.5998306274414
1689761580000,76.59872436523438
1689761597000,76.59928131103516
1689761600000,76.59844970703125
1689761603000,76.59928131103516
1689761623000,76.5998306274414
1689761630000,76.59928131103516
1689761673000,76.60010528564453
1689761676000,76.59928131103516
1689761683000,76.59872436523438
1689761686000,76.5998306274414
1689761689000,76.60038757324219
1689761693000,76.59928131103516