"Category","Values"
1689762081000,76.60010528564453
1689762094000,76.59955596923828
1689762101000,76.60010528564453
1689762117000,76.60066223144531
1689762124000,76.60010528564453
1689762127000,76.60066223144531
1689762140000,76.60010528564453
1689762154000,76.60093688964844
1689762170000,76.60010528564453
1689762173000,76.60066223144531
1689762193000,76.60121154785156
1689762197000,76.60066223144531
1689762220000,76.5998306274414
1689762224000,76.60066223144531
1689762240000,76.60149383544922