"Category","Values"
1689773426000,76.60093688964844
1689773436000,76.60149383544922
1689773459000,76.60204315185547
1689773463000,76.60149383544922
1689773479000,76.60093688964844
1689773483000,76.60204315185547
1689773503000,76.60260009765625
1689773506000,76.60149383544922
1689773516000,76.6023178100586
1689773519000,76.60176849365234
1689773543000,76.6023178100586
1689773549000,76.60149383544922
1689773553000,76.60204315185547