"Category","Values"
1689771623000,76.60149383544922
1689771633000,76.60093688964844
1689771696000,76.60149383544922
1689771709000,76.60066223144531
1689771719000,76.60010528564453
1689771722000,76.60066223144531
1689771725000,76.60010528564453
1689771735000,76.60066223144531
1689771752000,76.60121154785156
1689771768000,76.60066223144531