"Category","Values"
1689774869000,76.59872436523438
1689774875000,76.59928131103516
1689774879000,76.59872436523438
1689774882000,76.59928131103516
1689774889000,76.59844970703125
1689774912000,76.59789276123047
1689774915000,76.59844970703125
1689774958000,76.59789276123047
1689774962000,76.59844970703125
1689775001000,76.59789276123047
1689775015000,76.59928131103516