"Category","Values"
1689761003000,76.5989990234375
1689761010000,76.59789276123047
1689761056000,76.59734344482422
1689761063000,76.59844970703125
1689761076000,76.59789276123047
1689761090000,76.59844970703125
1689761103000,76.59761810302734
1689761106000,76.59817504882812
1689761139000,76.59872436523438
1689761146000,76.59817504882812
1689761149000,76.59928131103516
1689761152000,76.59844970703125
1689761162000,76.59789276123047