"Category","Values"
1689761544000,76.59844970703125
1689761550000,76.59789276123047
1689761564000,76.59844970703125
1689761580000,76.59789276123047
1689761607000,76.59872436523438
1689761640000,76.59789276123047
1689761643000,76.5989990234375
1689761666000,76.59955596923828
1689761673000,76.5989990234375
1689761676000,76.59955596923828
1689761679000,76.59872436523438
1689761683000,76.59928131103516
1689761689000,76.59844970703125