"Category","Values"
1692795864000,76.58655548095703
1692795897000,76.58600616455078
1692795904000,76.58517456054688
1692795913000,76.5862808227539
1692795917000,76.58573150634766
1692795920000,76.58711242675781
1692795923000,76.58573150634766
1692795930000,76.5862808227539
1692795937000,76.58573150634766
1692795940000,76.5862808227539
1692795974000,76.58573150634766
1692795977000,76.5862808227539
1692795993000,76.58683776855469
1692795997000,76.5862808227539
1692796013000,76.58573150634766