"Category","Values"
1692796965000,76.58711242675781
1692796988000,76.5862808227539
1692797001000,76.58573150634766
1692797014000,76.5862808227539
1692797018000,76.58573150634766
1692797031000,76.58517456054688
1692797054000,76.5862808227539
1692797061000,76.58544921875
1692797071000,76.58600616455078
1692797087000,76.58683776855469
1692797101000,76.58600616455078