"Category","Values"
1692798908000,76.58600616455078
1692798924000,76.58517456054688
1692798927000,76.58600616455078
1692798961000,76.58544921875
1692798964000,76.5862808227539
1692798967000,76.58573150634766
1692798970000,76.58517456054688
1692798990000,76.58573150634766
1692799023000,76.5862808227539
1692799033000,76.58573150634766
1692799073000,76.58517456054688