"Category","Values"
1692799643000,76.5862808227539
1692799663000,76.58544921875
1692799667000,76.58600616455078
1692799680000,76.58517456054688
1692799683000,76.5862808227539
1692799690000,76.58544921875
1692799700000,76.5862808227539
1692799703000,76.58544921875
1692799736000,76.58600616455078
1692799740000,76.58544921875
1692799743000,76.5862808227539
1692799750000,76.58573150634766
1692799786000,76.58434295654297
1692799796000,76.58544921875