"Category","Values"
1692800011000,76.58573150634766
1692800048000,76.58489990234375
1692800058000,76.58544921875
1692800068000,76.58600616455078
1692800071000,76.58544921875
1692800087000,76.58489990234375
1692800091000,76.58544921875
1692800097000,76.58600616455078
1692800111000,76.58544921875
1692800114000,76.58600616455078
1692800117000,76.58544921875
1692800121000,76.58600616455078