"Category","Values"
1692800363000,76.58683776855469
1692800373000,76.58544921875
1692800409000,76.5862808227539
1692800413000,76.58489990234375
1692800419000,76.58544921875
1692800432000,76.58600616455078
1692800436000,76.58544921875
1692800439000,76.58600616455078
1692800449000,76.58544921875
1692800456000,76.58462524414062
1692800459000,76.58544921875
1692800462000,76.58489990234375
1692800482000,76.58544921875
1692800502000,76.58489990234375