"Category","Values"
1692800744000,76.58296203613281
1692800748000,76.58766174316406
1692800757000,76.58683776855469
1692800761000,76.58738708496094
1692800764000,76.58655548095703
1692800767000,76.58711242675781
1692800784000,76.58655548095703
1692800787000,76.58738708496094
1692800794000,76.58683776855469
1692800830000,76.5862808227539
1692800834000,76.58683776855469
1692800863000,76.58738708496094
1692800870000,76.58683776855469
1692800873000,76.58766174316406
1692800880000,76.58683776855469