"Category","Values"
1692800916000,76.58738708496094
1692800920000,76.58849334716797
1692800923000,76.58794403076172
1692800940000,76.5887680053711
1692800943000,76.58794403076172
1692800946000,76.58849334716797
1692800950000,76.58766174316406
1692800963000,76.58821868896484
1692800996000,76.58766174316406
1692801013000,76.58711242675781
1692801016000,76.58766174316406
1692801022000,76.58711242675781
1692801032000,76.58766174316406
1692801036000,76.58711242675781
1692801053000,76.58766174316406