"Category","Values"
1692801812000,76.58932495117188
1692801835000,76.58987426757812
1692801838000,76.58932495117188
1692801841000,76.58987426757812
1692801845000,76.58932495117188
1692801861000,76.5887680053711
1692801864000,76.589599609375
1692801894000,76.5887680053711
1692801904000,76.589599609375
1692801908000,76.58905029296875
1692801911000,76.58821868896484
1692801921000,76.5887680053711
1692801927000,76.58932495117188
1692801934000,76.5887680053711
1692801954000,76.58794403076172