"Category","Values"
1692796965000,76.58849334716797
1692796995000,76.58905029296875
1692797014000,76.58821868896484
1692797021000,76.58905029296875
1692797064000,76.58821868896484
1692797071000,76.58905029296875
1692797074000,76.58849334716797
1692797077000,76.58905029296875
1692797081000,76.58849334716797
1692797094000,76.58794403076172