"Category","Values"
1692793371000,76.589599609375
1692793387000,76.58905029296875
1692793391000,76.589599609375
1692793394000,76.58905029296875
1692793397000,76.58987426757812
1692793404000,76.58932495117188
1692793463000,76.5887680053711
1692793467000,76.589599609375
1692793473000,76.58849334716797
1692793483000,76.58932495117188
1692793487000,76.58821868896484
1692793490000,76.5887680053711
1692793497000,76.58932495117188