"Category","Values"
1692801457000,76.58849334716797
1692801463000,76.58905029296875
1692801490000,76.58794403076172
1692801493000,76.5887680053711
1692801507000,76.58821868896484
1692801510000,76.5887680053711
1692801533000,76.58932495117188
1692801537000,76.58821868896484
1692801543000,76.5887680053711
1692801563000,76.58932495117188
1692801567000,76.58849334716797
1692801570000,76.58932495117188
1692801573000,76.5887680053711
1692801586000,76.58766174316406
1692801593000,76.58821868896484