"Category","Values"
1692795688000,76.5887680053711
1692795718000,76.58821868896484
1692795761000,76.58766174316406
1692795768000,76.58821868896484
1692795798000,76.5887680053711
1692795804000,76.58821868896484
1692795834000,76.58766174316406