"Category","Values"
1692802335000,76.58932495117188
1692802355000,76.58987426757812
1692802358000,76.5887680053711
1692802362000,76.58932495117188
1692802372000,76.5887680053711
1692802385000,76.58821868896484
1692802421000,76.5887680053711
1692802425000,76.58821868896484
1692802432000,76.58905029296875
1692802438000,76.58794403076172
1692802455000,76.58849334716797
1692802465000,76.58794403076172
1692802468000,76.58849334716797
1692802491000,76.58794403076172
1692802511000,76.5887680053711