"Category","Values"
1692793706000,76.58932495117188
1692793739000,76.59015655517578
1692793749000,76.589599609375
1692793759000,76.58905029296875
1692793762000,76.589599609375
1692793769000,76.58849334716797
1692793772000,76.58905029296875
1692793778000,76.58821868896484
1692793785000,76.5887680053711
1692793808000,76.58932495117188
1692793825000,76.5887680053711
1692793835000,76.589599609375
1692793841000,76.58905029296875
1692793855000,76.58849334716797