"Category","Values"
1692799640000,76.58987426757812
1692799660000,76.58905029296875
1692799680000,76.58987426757812
1692799687000,76.58905029296875
1692799690000,76.589599609375
1692799700000,76.59015655517578
1692799703000,76.589599609375
1692799710000,76.58905029296875
1692799740000,76.58987426757812
1692799746000,76.58932495117188
1692799756000,76.58987426757812
1692799770000,76.58905029296875
1692799776000,76.58987426757812
1692799783000,76.58932495117188
1692799786000,76.5887680053711