"Category","Values"
1692795860000,76.58987426757812
1692795874000,76.5904312133789
1692795880000,76.58987426757812
1692795887000,76.5904312133789
1692795890000,76.58987426757812
1692795904000,76.58932495117188
1692795923000,76.59015655517578
1692795930000,76.58932495117188
1692795943000,76.58987426757812
1692795947000,76.58932495117188
1692795967000,76.58987426757812
1692795970000,76.58932495117188
1692795993000,76.58987426757812
1692796010000,76.58905029296875
1692796013000,76.589599609375