"Category","Values"
1692802538000,76.58573150634766
1692802541000,76.5862808227539
1692802544000,76.58517456054688
1692802548000,76.58573150634766
1692802551000,76.58517456054688
1692802564000,76.58573150634766
1692802571000,76.58517456054688
1692802601000,76.58573150634766
1692802611000,76.58517456054688
1692802617000,76.58600616455078
1692802647000,76.58655548095703
1692802654000,76.58573150634766
1692802664000,76.5862808227539