"Category","Values"
1692793523000,76.58794403076172
1692793536000,76.58849334716797
1692793589000,76.58905029296875
1692793596000,76.58849334716797
1692793612000,76.58794403076172
1692793616000,76.58849334716797
1692793629000,76.58711242675781
1692793632000,76.58849334716797
1692793673000,76.58794403076172