"Category","Values"
1692793367000,76.58683776855469
1692793371000,76.58766174316406
1692793414000,76.58821868896484
1692793417000,76.58766174316406
1692793434000,76.58821868896484
1692793437000,76.58766174316406
1692793450000,76.58849334716797
1692793453000,76.58794403076172
1692793460000,76.58711242675781
1692793463000,76.58794403076172
1692793490000,76.58738708496094