"Category","Values"
1692793888000,76.58683776855469
1692793898000,76.58766174316406
1692793908000,76.58821868896484
1692793931000,76.58766174316406
1692793934000,76.58849334716797
1692793957000,76.58794403076172
1692793971000,76.58711242675781
1692793977000,76.58794403076172
1692793990000,76.5887680053711
1692793994000,76.58794403076172
1692794000000,76.58849334716797
1692794004000,76.58766174316406
1692794017000,76.5887680053711
1692794020000,76.58794403076172
1692794047000,76.58711242675781