"Category","Values"
1692794246000,76.58821868896484
1692794249000,76.58766174316406
1692794259000,76.58821868896484
1692794269000,76.58683776855469
1692794272000,76.58821868896484
1692794286000,76.58766174316406
1692794292000,76.58821868896484
1692794299000,76.58766174316406
1692794312000,76.58821868896484
1692794316000,76.58766174316406
1692794322000,76.58821868896484
1692794332000,76.58766174316406
1692794375000,76.58683776855469
1692794385000,76.58794403076172
1692794392000,76.58738708496094