"Category","Values"
1692795330000,76.58821868896484
1692795357000,76.58711242675781
1692795376000,76.58655548095703
1692795383000,76.58711242675781
1692795386000,76.58655548095703
1692795400000,76.58711242675781
1692795419000,76.58766174316406
1692795423000,76.58711242675781
1692795426000,76.58766174316406
1692795433000,76.5862808227539
1692795436000,76.58711242675781
1692795456000,76.58655548095703
1692795459000,76.58711242675781
1692795483000,76.58766174316406