"Category","Values"
1692795688000,76.58655548095703
1692795702000,76.58600616455078
1692795705000,76.58544921875
1692795728000,76.58489990234375
1692795731000,76.58600616455078
1692795738000,76.58517456054688
1692795741000,76.58573150634766
1692795751000,76.5862808227539
1692795754000,76.58544921875
1692795771000,76.5862808227539
1692795774000,76.58517456054688
1692795778000,76.5862808227539
1692795784000,76.58544921875
1692795788000,76.58655548095703
1692795811000,76.58711242675781